filename,date
neh-johnstone-johnstone.txt,1797
neh-meachum-meachum.txt,1846
neh-johnsontl-johnsontl.txt,1892
neh-white-white.txt,1849
neh-brown55-brown55.txt,1855
neh-weld-weld.txt,1839
neh-andersrob-andersrob.txt,1895
neh-boen-boen.txt,1834
neh-stevens-stevens.txt,1856
neh-robinsonn-robinson.txt,1897
neh-auntjudy-auntjudy.txt,1855
neh-sally-sally.txt,1858
neh-jamison-jamison.txt,1912
neh-wards-ward.txt,1855
fpn-lane-lane.txt,1916
neh-parkerh-parkerh.txt,1865
neh-smithj-smithj.txt,1881
neh-said-said.txt,1873
nc-omarsaid-omarsaid.txt,1925
neh-frederick-frederick.txt,1869
neh-henry-henry.txt,1872
neh-henson81-henson81.txt,1881
neh-holsey-holsey.txt,1898
neh-washstory-washin.txt,1901
neh-smitham-smith.txt,1893
neh-campbell-campbell.txt,1861
neh-alexander-alexander.txt,1914
neh-aleckson-aleckson.txt,1929
neh-keckley-keckley.txt,1868
neh-carolinatwin-carolinatwin.txt,1902
neh-mott26-mott26.txt,1826
neh-thompsch-thompsch.txt,1875
neh-brownj-brownj.txt,1856
neh-taylor-taylor.txt,1837
neh-ferrill-ferrill.txt,1854
neh-baquaqua-baquaqua.txt,1854
neh-dsmith-dsmith.txt,1881
neh-brownww-brown.txt,1863
neh-brinch-brinch.txt,1810
neh-blair-blair.txt,1880
neh-scott-scott.txt,1916
neh-whitegeo-whitegeo.txt,1810
fpn-ferebee-ferebee.txt,1882
neh-tilmon-tilmon.txt,1853
neh-nicholson-nicholson.txt,1913
neh-gaines-gaines.txt,1892
neh-lester-lester.txt,1839
neh-flipper-flipper.txt,1878
neh-jennings-jennings.txt,1865
neh-nell-nell.txt,1855
neh-joyce-joyce.txt,1808
neh-turner-turner.txt,1831
neh-fjones-jones.txt,1883
neh-pomp-pomp.txt,1795
neh-arter-arter.txt,1922
neh-eliza2-eliza2.txt,1889
neh-jonestom-jones.txt,1855
fpn-jackson-jackson.txt,1862
nc-jones85-jones85.txt,1885
fpn-jones-jones.txt,1862
neh-kelley-kelley.txt,1851
neh-vale-vale.txt,1835
neh-fields-fields.txt,1847
fpn-ball-ball.txt,1859
neh-smithhar-smithhar.txt,1891
neh-doug1906-doug1906.txt,1906
neh-chesnutt-chesnutt.txt,1899
neh-holland-holland.txt,1895
neh-gregory-gregory.txt,1893
neh-parker1-parker.txt,1851
neh-merritt-merritt.txt,1929
fpn-robinson-robinson.txt,1913
neh-randolph-randolph.txt,1893
neh-edwardsc-edwards.txt,1891
neh-heard-heard.txt,1928
neh-rudd-rudd.txt,1917
neh-delaney-delaney.txt,1891
neh-penning49-penning49.txt,1849
neh-barrett-barrett.txt,1859
neh-adamsh-adamsh.txt,1854
neh-troy-troy.txt,1861
neh-harriet-harriet.txt,1886
neh-prince-prince.txt,1831
neh-latta-latta.txt,1903
neh-barber-barber.txt,1840
neh-millie-christine-millie-christine.txt,1851
neh-webb-webb.txt,1873
neh-brownhal-brownhal.txt,1926
neh-simpson-simpson.txt,1863
neh-albert-albert.txt,1890
neh-aga-aga.txt,1846
fpn-jacobs-jacobs.txt,1861
neh-anderson-anderson.txt,1854
neh-equiano1-equiano1.txt,1789
neh-equiano2-equiano2.txt,1789
church-hatcher-hatcher.txt,1908
neh-bleby-bleby.txt,1873
neh-pickard-pickard.txt,1856
neh-webster-webster.txt,1902
neh-fortis-fortis.txt,1795
neh-sancho1-sancho1.txt,1782
neh-sancho2-sancho2.txt,1782
neh-williams-williams.txt,1873
neh-natlove-natlove.txt,1907
neh-robert-robert.txt,1829
neh-marrs-marrs.txt,1885
neh-oneal-oneal.txt,1896
neh-early-early.txt,1894
neh-andersonw-andersonw.txt,1857
neh-jjoseph-jjoseph.txt,1848
neh-black-black.txt,1847
neh-dougl92-dougl92.txt,1892
neh-douglasslife-douglass.txt,1881
neh-floyd-floyd.txt,1902
neh-henryg-henryg.txt,1894
fpn-hortonlife-horton.txt,1845
fpn-mason-mason.txt,1893
neh-mars-mars.txt,1868
neh-mars64-mars64.txt,1864
neh-thompson-thompson.txt,1856
neh-heth-heth.txt,1835
neh-henson49-henson49.txt,1849
neh-mccray-mary.txt,1898
neh-jasper-jasper.txt,1884
neh-andersonr-andersonr.txt,1892
neh-jamesth-jamesth.txt,1886
neh-greena-greena.txt,1850
neh-greenew-greenew.txt,1888
neh-beardj-beard.txt,1853
neh-grimes55-grimes55.txt,1855
neh-grimes25-grimes25.txt,1825
neh-lowery-lowery.txt,1911
neh-arthur-arthur.txt,1768
neh-allen-allen.txt,1833
neh-jeajohn-jeajohn.txt,1811
neh-garlick-garlick.txt,1902
neh-lewisjw-lewisjw.txt,1852
neh-smithste-smithste.txt,1797
neh-aaron-aaron.txt,1845
neh-peterson-peterson.txt,1854
neh-wickham-wickham.txt,1869
neh-picquet-picquet.txt,1861
neh-hawkins-hawkins.txt,1863
neh-wheatley-wheatley.txt,1834
neh-brownrw-brownrw.txt,1832
neh-eliza1-eliza1.txt,1863
neh-thatcher-thatcher.txt,1834
neh-leehf-leehf.txt,1854
neh-allinson-allinson.txt,1851
neh-eldridge-eldridge.txt,1838
neh-levering-levering.txt,1897
neh-clement-clement.txt,1908
neh-norris-norris.txt,1789
fpn-burton-burton.txt,1909
neh-simmons-simmons.txt,1887
neh-bragg-bragg.txt,1914
neh-mitchell-mitchell.txt,1827
neh-douglass55-douglass55.txt,1855
fpn-washeducation-washing.txt,1911
neh-branham-branham.txt,1929
neh-walters-walters.txt,1917
neh-stroyer85-stroyer85.txt,1885
neh-brownsn-brownsn.txt,1924
neh-brown80-brown80.txt,1880
neh-jacksona-jacksona.txt,1847
neh-griswold-griswold.txt,1845
fpn-veney-veney.txt,1889
neh-cox-cox.txt,1859
neh-greenw-greenw.txt,1853
neh-penning-penning.txt,1861
neh-williamsjames-williams.txt,1837
neh-boxbrown-boxbrown.txt,1849
neh-watson-watson.txt,1848
neh-curry-curry.txt,1840
neh-roberts-roberts.txt,1858
fpn-williams-williams.txt,1838
neh-stedman-stedman.txt,1838
neh-lanelunsford-lane.txt,1842
neh-upham-upham.txt,1850
neh-truth50-truth50.txt,1850
neh-truth75-truth75.txt,1875
neh-truth84-truth84.txt,1884
neh-bayley-bayley.txt,1825
neh-roper-roper.txt,1848
fpn-roper-roper.txt,1838
neh-cugoano-cugoano.txt,1825
neh-bibb-bibb.txt,1849
neh-venture2-venture2.txt,1897
neh-venture-venture.txt,1798
neh-offley-offley.txt,1859
neh-douglass-douglass.txt,1845
neh-brownbox-brownbox.txt,1851
neh-greenjd-greenjd.txt,1864
neh-watkin52-watkin52.txt,1852
neh-adams-adams.txt,1872
fpn-grandy-grandy.txt,1843
neh-davisn-davis.txt,1859
neh-hopper-hopper.txt,1832
neh-gronniosaw-gronnios.txt,1770
neh-pendleton-pendle.txt,1912
neh-clarke-clarke.txt,1845
neh-hammon-hammon.txt,1760
neh-smallwood-smallwood.txt,1851
neh-hayden-hayden.txt,1846
neh-brown47-brown47.txt,1847
fpn-brownw-brown.txt,1849
neh-mott-mott.txt,1875
neh-clarkes-clarkes.txt,1846
neh-warner-warner.txt,1831
fpn-bruce-bruce.txt,1895
neh-drew-drew.txt,1856
neh-holley-holley.txt,1924
neh-mallory-mallory.txt,1902
neh-lewisj-lewisj.txt,1910
neh-fleming-fleming.txt,1909
neh-jeter-jeter.txt,1901
neh-long-long.txt,1857
neh-manzano-manzano.txt,1840
fpn-hortonpoem-hortonpoem.txt,1845
neh-bruceje-bruceje.txt,1921
neh-singleton-singleton.txt,1922
neh-runaway-runaway.txt,1838
neh-parker-parker.txt,1895
neh-straker-straker.txt,1886
neh-capehart-capehart.txt,1907
neh-taylorsu-taylorsu.txt,1902
neh-jacksonc-jackson.txt,1913
neh-captain-captain.txt,1835
neh-loguen-loguen.txt,1859
neh-bragg1915-bragg1915.txt,1915
neh-royal-royal.txt,1750
neh-craft-craft.txt,1860
neh-hall-hall.txt,1912
neh-maysamuel-maysamuel.txt,1871
neh-bradford-bradford.txt,1869
neh-suggs-suggs.txt,1906
neh-mcpherson-mcpherson.txt,1855
neh-franklin-franklin.txt,1887
neh-charlton-charlton.txt,1870
neh-tubbee-tubbee.txt,1852
neh-gurley-gurley.txt,1835
neh-bethune-bethune.txt,1865
neh-stroyer-stroyer.txt,1879
neh-randol55-randol55.txt,1855
neh-thompson1-thompson.txt,1851
neh-mountain-mountain.txt,1790
neh-drumgoold-drumgoold.txt,1898
neh-jbrown-jbrown.txt,1855
neh-fedric-fedric.txt,1863
neh-bruner-bruner.txt,1918
neh-johnson-johnson.txt,1901
neh-ballslavery-ball.txt,1837
neh-bluett-bluett.txt,1734
neh-gallaudet-gallaudet.txt,1828
neh-eliot-eliot.txt,1885
neh-jacksonm-jackson.txt,1866
neh-twelvetr-twelvetr.txt,1863
neh-watkins-watkins.txt,1860
neh-iwilliams-iwilliams.txt,1885
fpn-hughes-hughes.txt,1897
neh-brown52-brown52.txt,1852
neh-detroit-detroit.txt,1863
neh-tubbee1848-tubbee1848.txt,1848
neh-beard63-beard63.txt,1863
neh-henderson-henderson.txt,1841
neh-armistead-armistead.txt,1848
neh-jjacobs-jjacobs.txt,1861
neh-henson58-henson58.txt,1858
fpn-northup-northup.txt,1853
neh-johnson1-johnson.txt,1909
fpn-steward-steward.txt,1857
neh-rayemma-rayemma.txt,1926
neh-foster-foster.txt,1867
neh-edwardsj-edwardsj.txt,1852
neh-henson-henson.txt,1876
fpn-washington-washing.txt,1901
fpn-burtont-burton.txt,1910
neh-wilkerson-wilkerson.txt,1861
